{
  "Test Léger": {
    "duration": 22.002947092056274,
    "num_users": 3,
    "total_requests": 49,
    "successful_requests": 49,
    "failed_requests": 0,
    "success_rate": 100.0,
    "requests_per_second": 2.2269744046101203,
    "average_response_time": 0.012642860412597656,
    "errors": []
  },
  "Test Moyen": {
    "duration": 31.214518070220947,
    "num_users": 5,
    "total_requests": 126,
    "successful_requests": 126,
    "failed_requests": 0,
    "success_rate": 100.0,
    "requests_per_second": 4.036583224400496,
    "average_response_time": 0.010557628813244051,
    "errors": []
  },
  "Test Intense": {
    "duration": 26.208325147628784,
    "num_users": 8,
    "total_requests": 168,
    "successful_requests": 168,
    "failed_requests": 0,
    "success_rate": 100.0,
    "requests_per_second": 6.41017688286731,
    "average_response_time": 0.01133459948358082,
    "errors": []
  }
}